Workbook

Sheet Transactions
A1: Order ID | B1: Product ID | C1: Region | D1: Units | E1: Salesperson | F1: Unit Price | G1: Total Sales | H1: Performance | I1: Product Name
A2: ORD001 | B2: P101 | C2: East | D2: 5 | E2: Amit Kumar | F2: =VLOOKUP(B2,'Product Lookup'!$A$2:$D$6,4,FALSE) -> 50000 | G2: =D2*F2 -> 250000 | H2: =IF(G2>=20000,"High","Low") -> High | I2: =_xlfn.XLOOKUP(B2,'Product Lookup'!$A$2:$A$6,'Product Lookup'!$B$2:$B$6,"Not Found") -> Laptop
A3: ORD002 | B3: P102 | C3: West | D3: 3 | E3: Neha Singh | F3: =VLOOKUP(B3,'Product Lookup'!$A$2:$D$6,4,FALSE) -> 1500 | G3: =D3*F3 -> 4500 | H3: =IF(G3>=20000,"High","Low") -> Low | I3: =_xlfn.XLOOKUP(B3,'Product Lookup'!$A$2:$A$6,'Product Lookup'!$B$2:$B$6,"Not Found") -> Keyboard
A4: ORD003 | B4: P103 | C4: North | D4: 8 | E4: Rahul Das | F4: =VLOOKUP(B4,'Product Lookup'!$A$2:$D$6,4,FALSE) -> 12000 | G4: =D4*F4 -> 96000 | H4: =IF(G4>=20000,"High","Low") -> High | I4: =_xlfn.XLOOKUP(B4,'Product Lookup'!$A$2:$A$6,'Product Lookup'!$B$2:$B$6,"Not Found") -> Monitor
A5: ORD004 | B5: P101 | C5: West | D5: 4 | E5: Priya Roy | F5: =VLOOKUP(B5,'Product Lookup'!$A$2:$D$6,4,FALSE) -> 50000 | G5: =D5*F5 -> 200000 | H5: =IF(G5>=20000,"High","Low") -> High | I5: =_xlfn.XLOOKUP(B5,'Product Lookup'!$A$2:$A$6,'Product Lookup'!$B$2:$B$6,"Not Found") -> Laptop
A6: ORD005 | B6: P104 | C6: South | D6: 6 | E6: Amit Kumar | F6: =VLOOKUP(B6,'Product Lookup'!$A$2:$D$6,4,FALSE) -> 800 | G6: =D6*F6 -> 4800 | H6: =IF(G6>=20000,"High","Low") -> Low | I6: =_xlfn.XLOOKUP(B6,'Product Lookup'!$A$2:$A$6,'Product Lookup'!$B$2:$B$6,"Not Found") -> Mouse
A7: ORD006 | B7: P102 | C7: East | D7: 10 | E7: Neha Singh | F7: =VLOOKUP(B7,'Product Lookup'!$A$2:$D$6,4,FALSE) -> 1500 | G7: =D7*F7 -> 15000 | H7: =IF(G7>=20000,"High","Low") -> Low | I7: =_xlfn.XLOOKUP(B7,'Product Lookup'!$A$2:$A$6,'Product Lookup'!$B$2:$B$6,"Not Found") -> Keyboard
A8: ORD007 | B8: P105 | C8: North | D8: 2 | E8: Rahul Das | F8: =VLOOKUP(B8,'Product Lookup'!$A$2:$D$6,4,FALSE) -> 9000 | G8: =D8*F8 -> 18000 | H8: =IF(G8>=20000,"High","Low") -> Low | I8: =_xlfn.XLOOKUP(B8,'Product Lookup'!$A$2:$A$6,'Product Lookup'!$B$2:$B$6,"Not Found") -> Printer
A9: ORD008 | B9: P103 | C9: South | D9: 5 | E9: Priya Roy | F9: =VLOOKUP(B9,'Product Lookup'!$A$2:$D$6,4,FALSE) -> 12000 | G9: =D9*F9 -> 60000 | H9: =IF(G9>=20000,"High","Low") -> High | I9: =_xlfn.XLOOKUP(B9,'Product Lookup'!$A$2:$A$6,'Product Lookup'!$B$2:$B$6,"Not Found") -> Monitor
A10: ORD009 | B10: P104 | C10: East | D10: 7 | E10: Amit Kumar | F10: =VLOOKUP(B10,'Product Lookup'!$A$2:$D$6,4,FALSE) -> 800 | G10: =D10*F10 -> 5600 | H10: =IF(G10>=20000,"High","Low") -> Low | I10: =_xlfn.XLOOKUP(B10,'Product Lookup'!$A$2:$A$6,'Product Lookup'!$B$2:$B$6,"Not Found") -> Mouse
A11: ORD010 | B11: P105 | C11: West | D11: 9 | E11: Neha Singh | F11: =VLOOKUP(B11,'Product Lookup'!$A$2:$D$6,4,FALSE) -> 9000 | G11: =D11*F11 -> 81000 | H11: =IF(G11>=20000,"High","Low") -> High | I11: =_xlfn.XLOOKUP(B11,'Product Lookup'!$A$2:$A$6,'Product Lookup'!$B$2:$B$6,"Not Found") -> Printer

Sheet Formula Practice
A1: Exercise | B1: Formula | C1: Result
A2: Total sales for East region | B2: SUMIFS(Transactions!G2:G11,Transactions!C2:C11,"East") | C2: =SUMIFS(Transactions!G2:G11,Transactions!C2:C11,"East") -> 270600
A3: Count East region orders | B3: COUNTIFS(Transactions!C2:C11,"East") | C3: =COUNTIFS(Transactions!C2:C11,"East") -> 3
A4: Total sales by Amit Kumar | B4: SUMIFS(Transactions!G2:G11,Transactions!E2:E11,"Amit Kumar") | C4: =SUMIFS(Transactions!G2:G11,Transactions!E2:E11,"Amit Kumar") -> 260400
A5: Count Electronics product orders | B5: COUNTIFS(Transactions!B2:B11,"P101")+COUNTIFS(Transactions!B2:B11,"P103")+COUNTIFS(Transactions!B2:B11,"P105") | C5: =COUNTIFS(Transactions!B2:B11,"P101")+COUNTIFS(Transactions!B2:B11,"P103")+COUNTIFS(Transactions!B2:B11,"P105") -> 6
A6: First 3 characters of order ID | B6: LEFT(Transactions!A2,3) | C6: =LEFT(Transactions!A2,3) -> ORD
A7: Last 3 characters of order ID | B7: RIGHT(Transactions!A2,3) | C7: =RIGHT(Transactions!A2,3) -> 001
A8: Trim extra spaces | B8: TRIM(" Amit Kumar ") | C8: =TRIM(" Amit Kumar ") -> Amit Kumar

Sheet Formula Notes
A1: Function | B1: Purpose | C1: Example Use | D1: When to use it
A2: VLOOKUP | B2: Looks for a value in the first column of a table and returns a value from another column. | C2: Retrieve unit price by Product ID | D2: Use when you need to retrieve a product price by Product ID.
A3: XLOOKUP | B3: Finds a matching value and returns a corresponding value from another range. | C3: Retrieve product name by Product ID | D3: Use to retrieve the product name by Product ID.
A4: IF | B4: Returns one value if a condition is true and another if it is false. | C4: Classify sales as High or Low | D4: Use to classify sales as High or Low based on a threshold.
A5: SUMIFS | B5: Adds numbers that meet one or more criteria. | C5: Calculate sales for the East region | D5: Use to calculate total sales for a region or salesperson.
A6: COUNTIFS | B6: Counts rows/cells that meet one or more criteria. | C6: Count East region orders | D6: Use to count transactions that match selected criteria.
A7: LEFT | B7: Extracts characters from the beginning of a text string. | C7: Extract ORD from ORD001 | D7: Use to extract a prefix such as ORD.
A8: RIGHT | B8: Extracts characters from the end of a text string. | C8: Extract 001 from ORD001 | D8: Use to extract a suffix such as 001.
A9: TRIM | B9: Removes extra spaces from text, leaving single spaces between words. | C9: Clean salesperson names | D9: Use to clean inconsistent text entries.

Sheet Product Lookup
A1: Product ID | B1: Product Name | C1: Category | D1: Unit Price
A2: P101 | B2: Laptop | C2: Electronics | D2: 50000
A3: P102 | B3: Keyboard | C3: Accessories | D3: 1500
A4: P103 | B4: Monitor | C4: Electronics | D4: 12000
A5: P104 | B5: Mouse | C5: Accessories | D5: 800
A6: P105 | B6: Printer | C6: Electronics | D6: 9000
